{
  "train_batch_size": "auto",
  "train_micro_batch_size_per_gpu" :"auto",
  "gradient_accumulation_steps": "auto",
  "gradient_clipping": 1.0,
  "prescale_gradients": false,
  "wall_clock_breakdown": false,
  "bf16": {
      "enabled": false
  },
  "fp16": {
    "enabled": "auto",
    "loss_scale": 0,
    "loss_scale_window": 100
  },
  "zero_optimization": {
    "stage": 3,
    "offload_param": {
      "device": "cpu"
    },
    "offload_optimizer": {
      "device": "cpu"
    }
  },
  "flops_profiler": {
      "enabled": false,
      "profile_step": 1,
      "module_depth": -1,
      "top_modules": 1,
      "detailed": true,
      "output_file": null
  }
  
}
