{
  "train_batch_size": 32,
  "train_micro_batch_size_per_gpu": 4,
  "steps_per_print": 1,
  "zero_optimization": {
    "stage": 2,
    "offload_param": {
      "device": "auto"
    },
    "offload_optimizer": {
      "device": "auto"
    }
  },
  "bf16": {
    "enabled": false
  },
  "fp16": {
    "enabled": true,
    "loss_scale": 0,
    "loss_scale_window": 100
  },
  "gradient_clipping": 1.0,
  "prescale_gradients": false,
  "wall_clock_breakdown": false,
  "scheduler": {
        "type": "WarmupDecayLR",
        "params": {
          "total_num_steps": "auto",
          "warmup_min_lr": "auto",
          "warmup_max_lr": "auto",
          "warmup_num_steps": "auto"
        }
    },
  "optimizer": {
        "type": "AdamW",
        "params": {
            "lr": "auto",
            "betas": "auto",
            "eps": "auto",
            "weight_decay": "auto"
        }
    }
}